current_path	feature	target_path	migration_status	notes
packages/backend/src/core/AbuseReportNotificationService.ts	moderation	packages/features/moderation/backend/services/AbuseReportNotificationService.ts	placed-with-bridge	Core service implementation placement only; preserve existing DI wiring/cycles for this move.
packages/backend/src/core/AbuseReportService.ts	moderation	packages/features/moderation/backend/services/AbuseReportService.ts	placed-with-bridge	Core service implementation placement only; preserve existing DI wiring/cycles for this move.
packages/backend/src/core/AccountMoveService.ts	users	packages/features/users/backend/services/AccountMoveService.ts	placed-with-bridge	Core service implementation placement only; preserve existing DI wiring/cycles for this move.
packages/backend/src/core/AccountUpdateService.ts	users	packages/features/users/backend/services/AccountUpdateService.ts	placed-with-bridge	Core service implementation placement only; preserve existing DI wiring/cycles for this move.
packages/backend/src/core/AchievementService.ts	users	packages/features/users/backend/services/AchievementService.ts	placed-with-bridge	Core service implementation placement only; preserve existing DI wiring/cycles for this move.
packages/backend/src/core/activitypub/ApAudienceService.ts	federation	packages/features/federation/backend/services/ApAudienceService.ts	placed-with-bridge	Core service implementation placement only; preserve existing DI wiring/cycles for this move.
packages/backend/src/core/activitypub/ApDbResolverService.ts	federation	packages/features/federation/backend/services/ApDbResolverService.ts	placed-with-bridge	Core service implementation placement only; preserve existing DI wiring/cycles for this move.
packages/backend/src/core/activitypub/ApDeliverManagerService.ts	federation	packages/features/federation/backend/services/ApDeliverManagerService.ts	placed-with-bridge	Core service implementation placement only; preserve existing DI wiring/cycles for this move.
packages/backend/src/core/activitypub/ApInboxService.ts	federation	packages/features/federation/backend/services/ApInboxService.ts	placed-with-bridge	Core service implementation placement only; preserve existing DI wiring/cycles for this move.
packages/backend/src/core/activitypub/ApLoggerService.ts	federation	packages/features/federation/backend/services/ApLoggerService.ts	placed-with-bridge	Core service implementation placement only; preserve existing DI wiring/cycles for this move.
packages/backend/src/core/activitypub/ApMfmService.ts	federation	packages/features/federation/backend/services/ApMfmService.ts	placed-with-bridge	Core service implementation placement only; preserve existing DI wiring/cycles for this move.
packages/backend/src/core/activitypub/ApRendererService.ts	federation	packages/features/federation/backend/services/ApRendererService.ts	placed-with-bridge	Core service implementation placement only; preserve existing DI wiring/cycles for this move.
packages/backend/src/core/activitypub/ApRequestService.ts	federation	packages/features/federation/backend/services/ApRequestService.ts	placed-with-bridge	Core service implementation placement only; preserve existing DI wiring/cycles for this move.
packages/backend/src/core/activitypub/ApResolverService.ts	federation	packages/features/federation/backend/services/ApResolverService.ts	placed-with-bridge	Core service implementation placement only; preserve existing DI wiring/cycles for this move.
packages/backend/src/core/activitypub/JsonLdService.ts	federation	packages/features/federation/backend/services/JsonLdService.ts	placed-with-bridge	Core service implementation placement only; preserve existing DI wiring/cycles for this move.
packages/backend/src/core/activitypub/models/ApImageService.ts	federation	packages/features/federation/backend/services/ApImageService.ts	placed-with-bridge	Core service implementation placement only; preserve existing DI wiring/cycles for this move.
packages/backend/src/core/activitypub/models/ApMentionService.ts	federation	packages/features/federation/backend/services/ApMentionService.ts	placed-with-bridge	Core service implementation placement only; preserve existing DI wiring/cycles for this move.
packages/backend/src/core/activitypub/models/ApNoteService.ts	federation	packages/features/federation/backend/services/ApNoteService.ts	placed-with-bridge	Core service implementation placement only; preserve existing DI wiring/cycles for this move.
packages/backend/src/core/activitypub/models/ApPersonService.ts	federation	packages/features/federation/backend/services/ApPersonService.ts	placed-with-bridge	Core service implementation placement only; preserve existing DI wiring/cycles for this move.
packages/backend/src/core/activitypub/models/ApQuestionService.ts	federation	packages/features/federation/backend/services/ApQuestionService.ts	placed-with-bridge	Core service implementation placement only; preserve existing DI wiring/cycles for this move.
packages/backend/src/core/AnnouncementService.ts	announcements	packages/features/announcements/backend/services/AnnouncementService.ts	placed-with-bridge	Core service implementation placement only; preserve existing DI wiring/cycles for this move.
packages/backend/src/core/AntennaService.ts	timelines	packages/features/timelines/backend/services/AntennaService.ts	placed-with-bridge	Core service implementation placement only; preserve existing DI wiring/cycles for this move.
packages/backend/src/core/AvatarDecorationService.ts	avatar-decorations	packages/features/avatar-decorations/backend/services/AvatarDecorationService.ts	placed-with-bridge	Core service implementation placement only; preserve existing DI wiring/cycles for this move.
packages/backend/src/core/CacheService.ts	runtime	packages/features/runtime/backend/services/CacheService.ts	split-required	Split the cache provider into runtime; domain cache facades/state must be divided among users, roles and relationships. Do not preserve a global feature service locator.
packages/backend/src/core/CaptchaService.ts	auth	packages/features/auth/backend/services/CaptchaService.ts	placed-with-bridge	Core service implementation placement only; preserve existing DI wiring/cycles for this move.
packages/backend/src/core/ChannelFollowingService.ts	channels	packages/features/channels/backend/services/ChannelFollowingService.ts	placed-with-bridge	Core service implementation placement only; preserve existing DI wiring/cycles for this move.
packages/backend/src/core/ChannelMutingService.ts	channels	packages/features/channels/backend/services/ChannelMutingService.ts	placed-with-bridge	Core service implementation placement only; preserve existing DI wiring/cycles for this move.
packages/backend/src/core/chart/ChartLoggerService.ts	statistics	packages/features/statistics/backend/services/ChartLoggerService.ts	placed-with-bridge	Core service implementation placement only; preserve existing DI wiring/cycles for this move.
packages/backend/src/core/chart/ChartManagementService.ts	statistics	packages/features/statistics/backend/services/ChartManagementService.ts	placed-with-bridge	Core service implementation placement only; preserve existing DI wiring/cycles for this move.
packages/backend/src/core/ChatService.ts	chat	packages/features/chat/backend/services/ChatService.ts	placed-with-bridge	Core service implementation placement only; preserve existing DI wiring/cycles for this move.
packages/backend/src/core/ClipService.ts	collections	packages/features/collections/backend/services/ClipService.ts	placed-with-bridge	Core service implementation placement only; preserve existing DI wiring/cycles for this move.
packages/backend/src/core/CustomEmojiService.ts	emojis	packages/features/emojis/backend/services/CustomEmojiService.ts	placed-with-bridge	Core service implementation placement only; preserve existing DI wiring/cycles for this move.
packages/backend/src/core/DeleteAccountService.ts	users	packages/features/users/backend/services/DeleteAccountService.ts	placed-with-bridge	Core service implementation placement only; preserve existing DI wiring/cycles for this move.
packages/backend/src/core/DownloadService.ts	runtime	packages/features/runtime/backend/services/DownloadService.ts	placed-with-bridge	Core service implementation placement only; preserve existing DI wiring/cycles for this move.
packages/backend/src/core/DriveService.ts	drive	packages/features/drive/backend/services/DriveService.ts	placed-with-bridge	Core service implementation placement only; preserve existing DI wiring/cycles for this move.
packages/backend/src/core/EmailService.ts	runtime	packages/features/runtime/backend/services/EmailService.ts	split-required	Runtime delivery adapter only; message bodies/composition remain with the sending feature. No standalone email templates exist.
packages/backend/src/core/FanoutTimelineEndpointService.ts	timelines	packages/features/timelines/backend/services/FanoutTimelineEndpointService.ts	placed-with-bridge	Core service implementation placement only; preserve existing DI wiring/cycles for this move.
packages/backend/src/core/FanoutTimelineService.ts	timelines	packages/features/timelines/backend/services/FanoutTimelineService.ts	placed-with-bridge	Core service implementation placement only; preserve existing DI wiring/cycles for this move.
packages/backend/src/core/FeaturedService.ts	discovery	packages/features/discovery/backend/services/FeaturedService.ts	placed-with-bridge	Core service implementation placement only; preserve existing DI wiring/cycles for this move.
packages/backend/src/core/FederatedInstanceService.ts	federation	packages/features/federation/backend/services/FederatedInstanceService.ts	placed-with-bridge	Core service implementation placement only; preserve existing DI wiring/cycles for this move.
packages/backend/src/core/FetchInstanceMetadataService.ts	federation	packages/features/federation/backend/services/FetchInstanceMetadataService.ts	placed-with-bridge	Core service implementation placement only; preserve existing DI wiring/cycles for this move.
packages/backend/src/core/FileInfoService.ts	media	packages/features/media/backend/services/FileInfoService.ts	placed-with-bridge	Core service implementation placement only; preserve existing DI wiring/cycles for this move.
packages/backend/src/core/FlashService.ts	play	packages/features/play/backend/services/FlashService.ts	placed-with-bridge	Core service implementation placement only; preserve existing DI wiring/cycles for this move.
packages/backend/src/core/GlobalEventService.ts	runtime	packages/features/runtime/backend/services/GlobalEventService.ts	placed-with-bridge	Runtime event-delivery mechanism; event types and publishing intent remain domain-owned, boot wires subscribers. Moving does not resolve service cycles.
packages/backend/src/core/HashtagService.ts	discovery	packages/features/discovery/backend/services/HashtagService.ts	placed-with-bridge	Core service implementation placement only; preserve existing DI wiring/cycles for this move.
packages/backend/src/core/HttpRequestService.ts	runtime	packages/features/runtime/backend/services/HttpRequestService.ts	placed-with-bridge	Core service implementation placement only; preserve existing DI wiring/cycles for this move.
packages/backend/src/core/IdService.ts	runtime	packages/features/runtime/backend/services/IdService.ts	placed-with-bridge	Runtime identifier-generation capability; inject through composition, do not treat as an arbitrary shared business service.
packages/backend/src/core/ImageProcessingService.ts	media	packages/features/media/backend/services/ImageProcessingService.ts	placed-with-bridge	Core service implementation placement only; preserve existing DI wiring/cycles for this move.
packages/backend/src/core/InternalStorageService.ts	runtime	packages/features/runtime/backend/services/InternalStorageService.ts	placed-with-bridge	Core service implementation placement only; preserve existing DI wiring/cycles for this move.
packages/backend/src/core/LoggerService.ts	runtime	packages/features/runtime/backend/services/LoggerService.ts	placed-with-bridge	Core service implementation placement only; preserve existing DI wiring/cycles for this move.
packages/backend/src/core/MetaService.ts	instance	packages/features/instance/backend/services/MetaService.ts	placed-with-bridge	Core service implementation placement only; preserve existing DI wiring/cycles for this move.
packages/backend/src/core/MfmService.ts	markup	packages/features/markup/backend/services/MfmService.ts	placed-with-bridge	Core service implementation placement only; preserve existing DI wiring/cycles for this move.
packages/backend/src/core/ModerationLogService.ts	moderation	packages/features/moderation/backend/services/ModerationLogService.ts	placed-with-bridge	Core service implementation placement only; preserve existing DI wiring/cycles for this move.
packages/backend/src/core/NoteCreateService.ts	notes	packages/features/notes/backend/services/NoteCreateService.ts	placed-with-bridge	Core service implementation placement only; preserve existing DI wiring/cycles for this move.
packages/backend/src/core/NoteDeleteService.ts	notes	packages/features/notes/backend/services/NoteDeleteService.ts	placed-with-bridge	Core service implementation placement only; preserve existing DI wiring/cycles for this move.
packages/backend/src/core/NoteDraftService.ts	notes	packages/features/notes/backend/services/NoteDraftService.ts	placed-with-bridge	Core service implementation placement only; preserve existing DI wiring/cycles for this move.
packages/backend/src/core/NotePiningService.ts	notes	packages/features/notes/backend/services/NotePiningService.ts	placed-with-bridge	Core service implementation placement only; preserve existing DI wiring/cycles for this move.
packages/backend/src/core/NotificationService.ts	notifications	packages/features/notifications/backend/services/NotificationService.ts	placed-with-bridge	Core service implementation placement only; preserve existing DI wiring/cycles for this move.
packages/backend/src/core/PageService.ts	pages	packages/features/pages/backend/services/PageService.ts	placed-with-bridge	Core service implementation placement only; preserve existing DI wiring/cycles for this move.
packages/backend/src/core/PollService.ts	notes	packages/features/notes/backend/services/PollService.ts	placed-with-bridge	Core service implementation placement only; preserve existing DI wiring/cycles for this move.
packages/backend/src/core/PushNotificationService.ts	notifications	packages/features/notifications/backend/services/PushNotificationService.ts	placed-with-bridge	Core service implementation placement only; preserve existing DI wiring/cycles for this move.
packages/backend/src/core/QueryService.ts	runtime	packages/features/runtime/backend/services/QueryService.ts	split-required	Split reusable SQL mechanics to runtime; visibility/filter predicates stay with notes/users and other owning domains. Do not move by filename alone.
packages/backend/src/core/QueueService.ts	runtime	packages/features/runtime/backend/services/QueueService.ts	placed-with-bridge	Runtime transport/boot registration owner; queue processor behavior remains with domain features. The webhook-service cycle is explicitly deferred.
packages/backend/src/core/ReactionsBufferingService.ts	notes	packages/features/notes/backend/services/ReactionsBufferingService.ts	placed-with-bridge	Core service implementation placement only; preserve existing DI wiring/cycles for this move.
packages/backend/src/core/ReactionService.ts	notes	packages/features/notes/backend/services/ReactionService.ts	placed-with-bridge	Core service implementation placement only; preserve existing DI wiring/cycles for this move.
packages/backend/src/core/RegistryApiService.ts	preferences	packages/features/preferences/backend/services/RegistryApiService.ts	placed-with-bridge	Core service implementation placement only; preserve existing DI wiring/cycles for this move.
packages/backend/src/core/RelayService.ts	federation	packages/features/federation/backend/services/RelayService.ts	placed-with-bridge	Core service implementation placement only; preserve existing DI wiring/cycles for this move.
packages/backend/src/core/RemoteLoggerService.ts	runtime	packages/features/runtime/backend/services/RemoteLoggerService.ts	placed-with-bridge	Core service implementation placement only; preserve existing DI wiring/cycles for this move.
packages/backend/src/core/RemoteUserResolveService.ts	federation	packages/features/federation/backend/services/RemoteUserResolveService.ts	placed-with-bridge	Core service implementation placement only; preserve existing DI wiring/cycles for this move.
packages/backend/src/core/ReversiService.ts	games	packages/features/games/backend/services/ReversiService.ts	placed-with-bridge	Core service implementation placement only; preserve existing DI wiring/cycles for this move.
packages/backend/src/core/RoleService.ts	roles	packages/features/roles/backend/services/RoleService.ts	placed-with-bridge	Core service implementation placement only; preserve existing DI wiring/cycles for this move.
packages/backend/src/core/S3Service.ts	runtime	packages/features/runtime/backend/services/S3Service.ts	placed-with-bridge	Core service implementation placement only; preserve existing DI wiring/cycles for this move.
packages/backend/src/core/SearchService.ts	discovery	packages/features/discovery/backend/services/SearchService.ts	placed-with-bridge	Core service implementation placement only; preserve existing DI wiring/cycles for this move.
packages/backend/src/core/SensitiveMediaDetectionService.ts	media	packages/features/media/backend/services/SensitiveMediaDetectionService.ts	placed-with-bridge	Core service implementation placement only; preserve existing DI wiring/cycles for this move.
packages/backend/src/core/SignupService.ts	auth	packages/features/auth/backend/services/SignupService.ts	placed-with-bridge	Core service implementation placement only; preserve existing DI wiring/cycles for this move.
packages/backend/src/core/SystemAccountService.ts	users	packages/features/users/backend/services/SystemAccountService.ts	placed-with-bridge	Core service implementation placement only; preserve existing DI wiring/cycles for this move.
packages/backend/src/core/SystemWebhookService.ts	integrations	packages/features/integrations/backend/services/SystemWebhookService.ts	placed-with-bridge	Core service implementation placement only; preserve existing DI wiring/cycles for this move.
packages/backend/src/core/telemetry/TelemetryService.ts	statistics	packages/features/statistics/backend/services/TelemetryService.ts	placed-with-bridge	Core service implementation placement only; preserve existing DI wiring/cycles for this move.
packages/backend/src/core/UserAuthService.ts	auth	packages/features/auth/backend/services/UserAuthService.ts	placed-with-bridge	Core service implementation placement only; preserve existing DI wiring/cycles for this move.
packages/backend/src/core/UserBlockingService.ts	relationships	packages/features/relationships/backend/services/UserBlockingService.ts	placed-with-bridge	Core service implementation placement only; preserve existing DI wiring/cycles for this move.
packages/backend/src/core/UserFollowingService.ts	relationships	packages/features/relationships/backend/services/UserFollowingService.ts	placed-with-bridge	Core service implementation placement only; preserve existing DI wiring/cycles for this move.
packages/backend/src/core/UserKeypairService.ts	federation	packages/features/federation/backend/services/UserKeypairService.ts	placed-with-bridge	Core service implementation placement only; preserve existing DI wiring/cycles for this move.
packages/backend/src/core/UserListService.ts	relationships	packages/features/relationships/backend/services/UserListService.ts	placed-with-bridge	Core service implementation placement only; preserve existing DI wiring/cycles for this move.
packages/backend/src/core/UserMutingService.ts	relationships	packages/features/relationships/backend/services/UserMutingService.ts	placed-with-bridge	Core service implementation placement only; preserve existing DI wiring/cycles for this move.
packages/backend/src/core/UserRenoteMutingService.ts	relationships	packages/features/relationships/backend/services/UserRenoteMutingService.ts	placed-with-bridge	Core service implementation placement only; preserve existing DI wiring/cycles for this move.
packages/backend/src/core/UserSearchService.ts	discovery	packages/features/discovery/backend/services/UserSearchService.ts	placed-with-bridge	Core service implementation placement only; preserve existing DI wiring/cycles for this move.
packages/backend/src/core/UserService.ts	users	packages/features/users/backend/services/UserService.ts	placed-with-bridge	Core service implementation placement only; preserve existing DI wiring/cycles for this move.
packages/backend/src/core/UserSuspendService.ts	moderation	packages/features/moderation/backend/services/UserSuspendService.ts	placed-with-bridge	Core service implementation placement only; preserve existing DI wiring/cycles for this move.
packages/backend/src/core/UserWebhookService.ts	integrations	packages/features/integrations/backend/services/UserWebhookService.ts	placed-with-bridge	Core service implementation placement only; preserve existing DI wiring/cycles for this move.
packages/backend/src/core/UtilityService.ts	runtime	packages/features/runtime/backend/services/UtilityService.ts	split-required	Classify methods before moving; only truly portable mechanics belong in runtime. No blanket utility bucket.
packages/backend/src/core/VideoProcessingService.ts	media	packages/features/media/backend/services/VideoProcessingService.ts	placed-with-bridge	Core service implementation placement only; preserve existing DI wiring/cycles for this move.
packages/backend/src/core/WebAuthnService.ts	auth	packages/features/auth/backend/services/WebAuthnService.ts	placed-with-bridge	Core service implementation placement only; preserve existing DI wiring/cycles for this move.
packages/backend/src/core/WebfingerService.ts	federation	packages/features/federation/backend/services/WebfingerService.ts	placed-with-bridge	Core service implementation placement only; preserve existing DI wiring/cycles for this move.
packages/backend/src/core/WebhookTestService.ts	integrations	packages/features/integrations/backend/services/WebhookTestService.ts	placed-with-bridge	Core service implementation placement only; preserve existing DI wiring/cycles for this move.
packages/backend/src/core/entities/AbuseReportNotificationRecipientEntityService.ts	moderation	packages/features/moderation/backend/serializers/AbuseReportNotificationRecipientEntityService.ts	placed-with-bridge	Implementation relocated; old path reexports the same class/type. Existing Nest DI and serialization behavior retained; dependency-port conversion remains separate.
packages/backend/src/core/entities/AbuseUserReportEntityService.ts	moderation	packages/features/moderation/backend/serializers/AbuseUserReportEntityService.ts	placed-with-bridge	Implementation relocated; old path reexports the same class/type. Existing Nest DI and serialization behavior retained; dependency-port conversion remains separate.
packages/backend/src/core/entities/AnnouncementEntityService.ts	announcements	packages/features/announcements/backend/serializers/AnnouncementEntityService.ts	placed-with-bridge	Implementation relocated; old path reexports the same class/type. Existing Nest DI and serialization behavior retained; dependency-port conversion remains separate.
packages/backend/src/core/entities/AntennaEntityService.ts	timelines	packages/features/timelines/backend/serializers/AntennaEntityService.ts	placed-with-bridge	Implementation relocated; old path reexports the same class/type. Existing Nest DI and serialization behavior retained; dependency-port conversion remains separate.
packages/backend/src/core/entities/AppEntityService.ts	auth	packages/features/auth/backend/serializers/AppEntityService.ts	placed-with-bridge	Implementation relocated; old path reexports the same class/type. Existing Nest DI and serialization behavior retained; dependency-port conversion remains separate.
packages/backend/src/core/entities/AuthSessionEntityService.ts	auth	packages/features/auth/backend/serializers/AuthSessionEntityService.ts	placed-with-bridge	Implementation relocated; old path reexports the same class/type. Existing Nest DI and serialization behavior retained; dependency-port conversion remains separate.
packages/backend/src/core/entities/BlockingEntityService.ts	relationships	packages/features/relationships/backend/serializers/BlockingEntityService.ts	placed-with-bridge	Implementation relocated; old path reexports the same class/type. Existing Nest DI and serialization behavior retained; dependency-port conversion remains separate.
packages/backend/src/core/entities/ChannelEntityService.ts	channels	packages/features/channels/backend/serializers/ChannelEntityService.ts	placed-with-bridge	Implementation relocated; old path reexports the same class/type. Existing Nest DI and serialization behavior retained; dependency-port conversion remains separate.
packages/backend/src/core/entities/ChatEntityService.ts	chat	packages/features/chat/backend/serializers/ChatEntityService.ts	placed-with-bridge	Implementation relocated; old path reexports the same class/type. Existing Nest DI and serialization behavior retained; dependency-port conversion remains separate.
packages/backend/src/core/entities/ClipEntityService.ts	collections	packages/features/collections/backend/serializers/ClipEntityService.ts	placed-with-bridge	Implementation relocated; old path reexports the same class/type. Existing Nest DI and serialization behavior retained; dependency-port conversion remains separate.
packages/backend/src/core/entities/DriveFileEntityService.ts	drive	packages/features/drive/backend/serializers/DriveFileEntityService.ts	placed-with-bridge	Implementation relocated; old path reexports the same class/type. Existing Nest DI and serialization behavior retained; dependency-port conversion remains separate.
packages/backend/src/core/entities/DriveFolderEntityService.ts	drive	packages/features/drive/backend/serializers/DriveFolderEntityService.ts	placed-with-bridge	Implementation relocated; old path reexports the same class/type. Existing Nest DI and serialization behavior retained; dependency-port conversion remains separate.
packages/backend/src/core/entities/EmojiEntityService.ts	emojis	packages/features/emojis/backend/serializers/EmojiEntityService.ts	placed-with-bridge	Implementation relocated; old path reexports the same class/type. Existing Nest DI and serialization behavior retained; dependency-port conversion remains separate.
packages/backend/src/core/entities/FlashEntityService.ts	play	packages/features/play/backend/serializers/FlashEntityService.ts	placed-with-bridge	Implementation relocated; old path reexports the same class/type. Existing Nest DI and serialization behavior retained; dependency-port conversion remains separate.
packages/backend/src/core/entities/FlashLikeEntityService.ts	play	packages/features/play/backend/serializers/FlashLikeEntityService.ts	placed-with-bridge	Implementation relocated; old path reexports the same class/type. Existing Nest DI and serialization behavior retained; dependency-port conversion remains separate.
packages/backend/src/core/entities/FollowingEntityService.ts	relationships	packages/features/relationships/backend/serializers/FollowingEntityService.ts	placed-with-bridge	Implementation relocated; old path reexports the same class/type. Existing Nest DI and serialization behavior retained; dependency-port conversion remains separate.
packages/backend/src/core/entities/FollowRequestEntityService.ts	relationships	packages/features/relationships/backend/serializers/FollowRequestEntityService.ts	placed-with-bridge	Implementation relocated; old path reexports the same class/type. Existing Nest DI and serialization behavior retained; dependency-port conversion remains separate.
packages/backend/src/core/entities/GalleryLikeEntityService.ts	gallery	packages/features/gallery/backend/serializers/GalleryLikeEntityService.ts	placed-with-bridge	Implementation relocated; old path reexports the same class/type. Existing Nest DI and serialization behavior retained; dependency-port conversion remains separate.
packages/backend/src/core/entities/GalleryPostEntityService.ts	gallery	packages/features/gallery/backend/serializers/GalleryPostEntityService.ts	placed-with-bridge	Implementation relocated; old path reexports the same class/type. Existing Nest DI and serialization behavior retained; dependency-port conversion remains separate.
packages/backend/src/core/entities/HashtagEntityService.ts	discovery	packages/features/discovery/backend/serializers/HashtagEntityService.ts	placed-with-bridge	Implementation relocated; old path reexports the same class/type. Existing Nest DI and serialization behavior retained; dependency-port conversion remains separate.
packages/backend/src/core/entities/InstanceEntityService.ts	instance	packages/features/instance/backend/serializers/InstanceEntityService.ts	placed-with-bridge	Implementation relocated; old path reexports the same class/type. Existing Nest DI and serialization behavior retained; dependency-port conversion remains separate.
packages/backend/src/core/entities/InviteCodeEntityService.ts	auth	packages/features/auth/backend/serializers/InviteCodeEntityService.ts	placed-with-bridge	Implementation relocated; old path reexports the same class/type. Existing Nest DI and serialization behavior retained; dependency-port conversion remains separate.
packages/backend/src/core/entities/MetaEntityService.ts	instance	packages/features/instance/backend/serializers/MetaEntityService.ts	placed-with-bridge	Implementation relocated; old path reexports the same class/type. Existing Nest DI and serialization behavior retained; dependency-port conversion remains separate.
packages/backend/src/core/entities/ModerationLogEntityService.ts	moderation	packages/features/moderation/backend/serializers/ModerationLogEntityService.ts	placed-with-bridge	Implementation relocated; old path reexports the same class/type. Existing Nest DI and serialization behavior retained; dependency-port conversion remains separate.
packages/backend/src/core/entities/MutingEntityService.ts	relationships	packages/features/relationships/backend/serializers/MutingEntityService.ts	placed-with-bridge	Implementation relocated; old path reexports the same class/type. Existing Nest DI and serialization behavior retained; dependency-port conversion remains separate.
packages/backend/src/core/entities/NoteDraftEntityService.ts	notes	packages/features/notes/backend/serializers/NoteDraftEntityService.ts	placed-with-bridge	Implementation relocated; old path reexports the same class/type. Existing Nest DI and serialization behavior retained; dependency-port conversion remains separate.
packages/backend/src/core/entities/NoteEntityService.ts	notes	packages/features/notes/backend/serializers/NoteEntityService.ts	placed-with-bridge	Implementation relocated; old path reexports the same class/type. Existing Nest DI and serialization behavior retained; dependency-port conversion remains separate.
packages/backend/src/core/entities/NoteFavoriteEntityService.ts	collections	packages/features/collections/backend/serializers/NoteFavoriteEntityService.ts	placed-with-bridge	Implementation relocated; old path reexports the same class/type. Existing Nest DI and serialization behavior retained; dependency-port conversion remains separate.
packages/backend/src/core/entities/NoteReactionEntityService.ts	notes	packages/features/notes/backend/serializers/NoteReactionEntityService.ts	placed-with-bridge	Implementation relocated; old path reexports the same class/type. Existing Nest DI and serialization behavior retained; dependency-port conversion remains separate.
packages/backend/src/core/entities/NotificationEntityService.ts	notifications	packages/features/notifications/backend/serializers/NotificationEntityService.ts	placed-with-bridge	Implementation relocated; old path reexports the same class/type. Existing Nest DI and serialization behavior retained; dependency-port conversion remains separate.
packages/backend/src/core/entities/PageEntityService.ts	pages	packages/features/pages/backend/serializers/PageEntityService.ts	placed-with-bridge	Implementation relocated; old path reexports the same class/type. Existing Nest DI and serialization behavior retained; dependency-port conversion remains separate.
packages/backend/src/core/entities/PageLikeEntityService.ts	pages	packages/features/pages/backend/serializers/PageLikeEntityService.ts	placed-with-bridge	Implementation relocated; old path reexports the same class/type. Existing Nest DI and serialization behavior retained; dependency-port conversion remains separate.
packages/backend/src/core/entities/RenoteMutingEntityService.ts	relationships	packages/features/relationships/backend/serializers/RenoteMutingEntityService.ts	placed-with-bridge	Implementation relocated; old path reexports the same class/type. Existing Nest DI and serialization behavior retained; dependency-port conversion remains separate.
packages/backend/src/core/entities/ReversiGameEntityService.ts	games	packages/features/games/backend/serializers/ReversiGameEntityService.ts	placed-with-bridge	Implementation relocated; old path reexports the same class/type. Existing Nest DI and serialization behavior retained; dependency-port conversion remains separate.
packages/backend/src/core/entities/RoleEntityService.ts	roles	packages/features/roles/backend/serializers/RoleEntityService.ts	placed-with-bridge	Implementation relocated; old path reexports the same class/type. Existing Nest DI and serialization behavior retained; dependency-port conversion remains separate.
packages/backend/src/core/entities/SigninEntityService.ts	auth	packages/features/auth/backend/serializers/SigninEntityService.ts	placed-with-bridge	Implementation relocated; old path reexports the same class/type. Existing Nest DI and serialization behavior retained; dependency-port conversion remains separate.
packages/backend/src/core/entities/SystemWebhookEntityService.ts	integrations	packages/features/integrations/backend/serializers/SystemWebhookEntityService.ts	placed-with-bridge	Implementation relocated; old path reexports the same class/type. Existing Nest DI and serialization behavior retained; dependency-port conversion remains separate.
packages/backend/src/core/entities/UserEntityService.ts	users	packages/features/users/backend/serializers/UserEntityService.ts	placed-with-bridge	Implementation relocated; old path reexports the same class/type. Existing Nest DI and serialization behavior retained; dependency-port conversion remains separate.
packages/backend/src/core/entities/UserListEntityService.ts	relationships	packages/features/relationships/backend/serializers/UserListEntityService.ts	placed-with-bridge	Implementation relocated; old path reexports the same class/type. Existing Nest DI and serialization behavior retained; dependency-port conversion remains separate.
packages/backend/src/queue/processors/AggregateRetentionProcessorService.ts	statistics	packages/features/statistics/backend/jobs/AggregateRetentionProcessorService.ts	placed-with-bridge	Queue processor placement follows the data/protocol domain; portability owns import/export orchestration, not this domain-specific worker.
packages/backend/src/queue/processors/BakeBufferedReactionsProcessorService.ts	notes	packages/features/notes/backend/jobs/BakeBufferedReactionsProcessorService.ts	placed-with-bridge	Queue processor placement follows the data/protocol domain; portability owns import/export orchestration, not this domain-specific worker.
packages/backend/src/queue/processors/CheckExpiredMutingsProcessorService.ts	review-required	REVIEW_REQUIRED: split user-muting and channel-muting expiry jobs into relationships and channels	review-required	Definition imports both UserMutingService and ChannelMutingService and scans shared muting state; no single owner until split or port boundary is defined.
packages/backend/src/queue/processors/CheckModeratorsActivityProcessorService.ts	moderation	packages/features/moderation/backend/jobs/CheckModeratorsActivityProcessorService.ts	placed-with-bridge	Moderator inactivity policy/alerts are governance and audit behavior; email/webhook senders stay injected capabilities.
packages/backend/src/queue/processors/CleanChartsProcessorService.ts	statistics	packages/features/statistics/backend/jobs/CleanChartsProcessorService.ts	placed-with-bridge	Queue processor placement follows the data/protocol domain; portability owns import/export orchestration, not this domain-specific worker.
packages/backend/src/queue/processors/CleanProcessorService.ts	review-required	REVIEW_REQUIRED: decompose by owning domain before assigning target path	review-required	Definition combines expiry cleanup for antennas, role assignments, IPs and Reversi/game state; this is not a generic runtime or operations feature.
packages/backend/src/queue/processors/CleanRemoteFilesProcessorService.ts	drive	packages/features/drive/backend/jobs/CleanRemoteFilesProcessorService.ts	placed-with-bridge	Queue processor placement follows the data/protocol domain; portability owns import/export orchestration, not this domain-specific worker.
packages/backend/src/queue/processors/CleanRemoteNotesProcessorService.ts	notes	packages/features/notes/backend/jobs/CleanRemoteNotesProcessorService.ts	review-required	Remote-note cleanup operates on note records; verify the remote-user/federation lifecycle boundary before moving. Keep domain-owned, not runtime.
packages/backend/src/queue/processors/DeleteAccountProcessorService.ts	users	packages/features/users/backend/jobs/DeleteAccountProcessorService.ts	placed-with-bridge	Account-deletion orchestration is user-owned; downstream drive/note/page cleanup must be requested through domain ports.
packages/backend/src/queue/processors/DeleteDriveFilesProcessorService.ts	drive	packages/features/drive/backend/jobs/DeleteDriveFilesProcessorService.ts	placed-with-bridge	Queue processor placement follows the data/protocol domain; portability owns import/export orchestration, not this domain-specific worker.
packages/backend/src/queue/processors/DeleteFileProcessorService.ts	drive	packages/features/drive/backend/jobs/DeleteFileProcessorService.ts	placed-with-bridge	Queue processor placement follows the data/protocol domain; portability owns import/export orchestration, not this domain-specific worker.
packages/backend/src/queue/processors/DeliverProcessorService.ts	federation	packages/features/federation/backend/jobs/DeliverProcessorService.ts	placed-with-bridge	ActivityPub outbound delivery processor; federation owns protocol delivery and its queue behavior.
packages/backend/src/queue/processors/EndedPollNotificationProcessorService.ts	notes	packages/features/notes/backend/jobs/EndedPollNotificationProcessorService.ts	placed-with-bridge	Queue processor placement follows the data/protocol domain; portability owns import/export orchestration, not this domain-specific worker.
packages/backend/src/queue/processors/ExportAntennasProcessorService.ts	timelines	packages/features/timelines/backend/jobs/ExportAntennasProcessorService.ts	placed-with-bridge	Queue processor placement follows the data/protocol domain; portability owns import/export orchestration, not this domain-specific worker.
packages/backend/src/queue/processors/ExportBlockingProcessorService.ts	relationships	packages/features/relationships/backend/jobs/ExportBlockingProcessorService.ts	placed-with-bridge	Queue processor placement follows the data/protocol domain; portability owns import/export orchestration, not this domain-specific worker.
packages/backend/src/queue/processors/ExportClipsProcessorService.ts	collections	packages/features/collections/backend/jobs/ExportClipsProcessorService.ts	placed-with-bridge	Queue processor placement follows the data/protocol domain; portability owns import/export orchestration, not this domain-specific worker.
packages/backend/src/queue/processors/ExportCustomEmojisProcessorService.ts	emojis	packages/features/emojis/backend/jobs/ExportCustomEmojisProcessorService.ts	placed-with-bridge	Queue processor placement follows the data/protocol domain; portability owns import/export orchestration, not this domain-specific worker.
packages/backend/src/queue/processors/ExportFavoritesProcessorService.ts	collections	packages/features/collections/backend/jobs/ExportFavoritesProcessorService.ts	placed-with-bridge	Queue processor placement follows the data/protocol domain; portability owns import/export orchestration, not this domain-specific worker.
packages/backend/src/queue/processors/ExportFollowingProcessorService.ts	relationships	packages/features/relationships/backend/jobs/ExportFollowingProcessorService.ts	placed-with-bridge	Queue processor placement follows the data/protocol domain; portability owns import/export orchestration, not this domain-specific worker.
packages/backend/src/queue/processors/ExportMutingProcessorService.ts	relationships	packages/features/relationships/backend/jobs/ExportMutingProcessorService.ts	placed-with-bridge	Queue processor placement follows the data/protocol domain; portability owns import/export orchestration, not this domain-specific worker.
packages/backend/src/queue/processors/ExportNotesProcessorService.ts	notes	packages/features/notes/backend/jobs/ExportNotesProcessorService.ts	placed-with-bridge	Queue processor placement follows the data/protocol domain; portability owns import/export orchestration, not this domain-specific worker.
packages/backend/src/queue/processors/ExportUserListsProcessorService.ts	relationships	packages/features/relationships/backend/jobs/ExportUserListsProcessorService.ts	placed-with-bridge	Queue processor placement follows the data/protocol domain; portability owns import/export orchestration, not this domain-specific worker.
packages/backend/src/queue/processors/ImportAntennasProcessorService.ts	timelines	packages/features/timelines/backend/jobs/ImportAntennasProcessorService.ts	placed-with-bridge	Queue processor placement follows the data/protocol domain; portability owns import/export orchestration, not this domain-specific worker.
packages/backend/src/queue/processors/ImportBlockingProcessorService.ts	relationships	packages/features/relationships/backend/jobs/ImportBlockingProcessorService.ts	placed-with-bridge	Queue processor placement follows the data/protocol domain; portability owns import/export orchestration, not this domain-specific worker.
packages/backend/src/queue/processors/ImportCustomEmojisProcessorService.ts	emojis	packages/features/emojis/backend/jobs/ImportCustomEmojisProcessorService.ts	placed-with-bridge	Queue processor placement follows the data/protocol domain; portability owns import/export orchestration, not this domain-specific worker.
packages/backend/src/queue/processors/ImportFollowingProcessorService.ts	relationships	packages/features/relationships/backend/jobs/ImportFollowingProcessorService.ts	placed-with-bridge	Queue processor placement follows the data/protocol domain; portability owns import/export orchestration, not this domain-specific worker.
packages/backend/src/queue/processors/ImportMutingProcessorService.ts	relationships	packages/features/relationships/backend/jobs/ImportMutingProcessorService.ts	placed-with-bridge	Queue processor placement follows the data/protocol domain; portability owns import/export orchestration, not this domain-specific worker.
packages/backend/src/queue/processors/ImportUserListsProcessorService.ts	relationships	packages/features/relationships/backend/jobs/ImportUserListsProcessorService.ts	placed-with-bridge	Queue processor placement follows the data/protocol domain; portability owns import/export orchestration, not this domain-specific worker.
packages/backend/src/queue/processors/InboxProcessorService.ts	federation	packages/features/federation/backend/jobs/InboxProcessorService.ts	placed-with-bridge	Queue processor placement follows the data/protocol domain; portability owns import/export orchestration, not this domain-specific worker.
packages/backend/src/queue/processors/PostScheduledNoteProcessorService.ts	notes	packages/features/notes/backend/jobs/PostScheduledNoteProcessorService.ts	placed-with-bridge	Queue processor placement follows the data/protocol domain; portability owns import/export orchestration, not this domain-specific worker.
packages/backend/src/queue/processors/RelationshipProcessorService.ts	relationships	packages/features/relationships/backend/jobs/RelationshipProcessorService.ts	placed-with-bridge	Queue processor placement follows the data/protocol domain; portability owns import/export orchestration, not this domain-specific worker.
packages/backend/src/queue/processors/ResyncChartsProcessorService.ts	statistics	packages/features/statistics/backend/jobs/ResyncChartsProcessorService.ts	placed-with-bridge	Queue processor placement follows the data/protocol domain; portability owns import/export orchestration, not this domain-specific worker.
packages/backend/src/queue/processors/SystemWebhookDeliverProcessorService.ts	integrations	packages/features/integrations/backend/jobs/SystemWebhookDeliverProcessorService.ts	placed-with-bridge	Queue processor placement follows the data/protocol domain; portability owns import/export orchestration, not this domain-specific worker.
packages/backend/src/queue/processors/TickChartsProcessorService.ts	statistics	packages/features/statistics/backend/jobs/TickChartsProcessorService.ts	placed-with-bridge	Queue processor placement follows the data/protocol domain; portability owns import/export orchestration, not this domain-specific worker.
packages/backend/src/queue/processors/UserWebhookDeliverProcessorService.ts	integrations	packages/features/integrations/backend/jobs/UserWebhookDeliverProcessorService.ts	placed-with-bridge	Queue processor placement follows the data/protocol domain; portability owns import/export orchestration, not this domain-specific worker.
packages/frontend/src/pages/_empty_.vue	navigation	packages/features/navigation/frontend/pages/_empty_.vue	placed	Vue page; routes unchanged (/, /). Root route placeholder/navigation fallback.
packages/frontend/src/pages/_error_.vue	web	packages/features/web/frontend/pages/_error_.vue	placed	Vue page; co-locate with the owning surface, preserve subgroup. Common error/loading view composition.
packages/frontend/src/pages/_loading_.vue	web	packages/features/web/frontend/pages/_loading_.vue	placed	Vue page; co-locate with the owning surface, preserve subgroup. Common error/loading view composition.
packages/frontend/src/pages/about-misskey.vue	web	packages/features/web/frontend/pages/about-misskey.vue	placed	Vue page; routes unchanged (/about-misskey). Static product/about surface.
packages/frontend/src/pages/about.federation.vue	instance	packages/features/instance/frontend/pages/about.federation.vue	placed	Vue page; co-locate with the owning surface, preserve subgroup. Instance overview or federation tab; views describe this server/its peers.
packages/frontend/src/pages/about.overview.vue	instance	packages/features/instance/frontend/pages/about.overview.vue	placed	Vue page; co-locate with the owning surface, preserve subgroup. Instance overview or federation tab; views describe this server/its peers.
packages/frontend/src/pages/about.vue	instance	packages/features/instance/frontend/pages/about.vue	placed	Vue page; routes unchanged (/about). Instance overview or federation tab; views describe this server/its peers.
packages/frontend/src/pages/achievements.vue	users	packages/features/users/frontend/pages/achievements.vue	placed	Vue page; routes unchanged (/my/achievements). Current-account achievements page.
packages/frontend/src/pages/admin/RolesEditorFormula.vue	roles	packages/features/roles/frontend/pages/admin/RolesEditorFormula.vue	placed	Vue page; co-locate with the owning surface, preserve subgroup. Role CRUD/policy/assignment screen; admin prefix is not the ownership rule.
packages/frontend/src/pages/admin/abuse-report/notification-recipient.editor.vue	moderation	packages/features/moderation/frontend/pages/admin/abuse-report/notification-recipient.editor.vue	placed	Vue page; co-locate with the owning surface, preserve subgroup. Abuse report, moderation or audit screen.
packages/frontend/src/pages/admin/abuse-report/notification-recipient.item.vue	moderation	packages/features/moderation/frontend/pages/admin/abuse-report/notification-recipient.item.vue	placed	Vue page; co-locate with the owning surface, preserve subgroup. Abuse report, moderation or audit screen.
packages/frontend/src/pages/admin/abuse-report/notification-recipient.vue	moderation	packages/features/moderation/frontend/pages/admin/abuse-report/notification-recipient.vue	placed	Vue page; routes unchanged (/abuse-report-notification-recipient). Abuse report, moderation or audit screen.
packages/frontend/src/pages/admin/abuses.vue	moderation	packages/features/moderation/frontend/pages/admin/abuses.vue	placed	Vue page; routes unchanged (/abuses). Abuse report, moderation or audit screen.
packages/frontend/src/pages/admin/ads.vue	instance	packages/features/instance/frontend/pages/admin/ads.vue	placed	Vue page; routes unchanged (/ads). Instance advertisement configuration.
packages/frontend/src/pages/admin/announcements.vue	announcements	packages/features/announcements/frontend/pages/admin/announcements.vue	placed	Vue page; routes unchanged (/announcements). Announcement administration.
packages/frontend/src/pages/admin/bot-protection.vue	auth	packages/features/auth/frontend/pages/admin/bot-protection.vue	placed	Vue page; co-locate with the owning surface, preserve subgroup. Bot protection controls signup/Captcha.
packages/frontend/src/pages/admin/branding.vue	instance	packages/features/instance/frontend/pages/admin/branding.vue	placed	Vue page; routes unchanged (/branding). Instance configuration surface; delivery/auth/domain behavior remains in its owning service feature.
packages/frontend/src/pages/admin/custom-emojis-manager.impl.ts	emojis	packages/features/emojis/frontend/pages/admin/custom-emojis-manager.impl.ts	placed	Page companion (.ts); co-locate with the owning surface, preserve subgroup. Page companion (.ts story/helper); co-migrates with custom emoji manager.
packages/frontend/src/pages/admin/custom-emojis-manager.local.list.logs.vue	emojis	packages/features/emojis/frontend/pages/admin/custom-emojis-manager.local.list.logs.vue	placed	Vue page; co-locate with the owning surface, preserve subgroup. Custom emoji manager/editor/log screen.
packages/frontend/src/pages/admin/custom-emojis-manager.local.list.search.vue	emojis	packages/features/emojis/frontend/pages/admin/custom-emojis-manager.local.list.search.vue	placed	Vue page; co-locate with the owning surface, preserve subgroup. Custom emoji manager/editor/log screen.
packages/frontend/src/pages/admin/custom-emojis-manager.local.list.vue	emojis	packages/features/emojis/frontend/pages/admin/custom-emojis-manager.local.list.vue	placed	Vue page; co-locate with the owning surface, preserve subgroup. Custom emoji manager/editor/log screen.
packages/frontend/src/pages/admin/custom-emojis-manager.logs.vue	emojis	packages/features/emojis/frontend/pages/admin/custom-emojis-manager.logs.vue	placed	Vue page; co-locate with the owning surface, preserve subgroup. Custom emoji manager/editor/log screen.
packages/frontend/src/pages/admin/custom-emojis-manager.register.vue	emojis	packages/features/emojis/frontend/pages/admin/custom-emojis-manager.register.vue	placed	Vue page; co-locate with the owning surface, preserve subgroup. Custom emoji manager/editor/log screen.
packages/frontend/src/pages/admin/custom-emojis-manager.remote.vue	emojis	packages/features/emojis/frontend/pages/admin/custom-emojis-manager.remote.vue	placed	Vue page; co-locate with the owning surface, preserve subgroup. Custom emoji manager/editor/log screen.
packages/frontend/src/pages/admin/custom-emojis-manager2.stories.impl.ts	emojis	packages/features/emojis/frontend/pages/admin/custom-emojis-manager2.stories.impl.ts	placed	Page companion (.ts); co-locate with the owning surface, preserve subgroup. Page companion (.ts story/helper); co-migrates with custom emoji manager.
packages/frontend/src/pages/admin/custom-emojis-manager2.vue	emojis	packages/features/emojis/frontend/pages/admin/custom-emojis-manager2.vue	placed	Vue page; routes unchanged (/emojis2). Custom emoji manager/editor/log screen.
packages/frontend/src/pages/admin/database.vue	operations	packages/features/operations/frontend/pages/admin/database.vue	placed	Vue page; routes unchanged (/database). Database or object-storage operational control; distinct from drive-file behavior.
packages/frontend/src/pages/admin/email-settings.vue	instance	packages/features/instance/frontend/pages/admin/email-settings.vue	placed	Vue page; routes unchanged (/email-settings). Instance configuration surface; delivery/auth/domain behavior remains in its owning service feature.
packages/frontend/src/pages/admin/external-services.vue	instance	packages/features/instance/frontend/pages/admin/external-services.vue	placed	Vue page; routes unchanged (/external-services). Server-side Google Analytics/DeepL integration settings could belong to instance configuration or integrations; confirm the subdomain boundary.
packages/frontend/src/pages/admin/federation-job-queue.chart.chart.vue	operations	packages/features/operations/frontend/pages/admin/federation-job-queue.chart.chart.vue	placed	Queue-control screen and its private chart presentation stay together; processor behavior and statistics data retain their respective owners.
packages/frontend/src/pages/admin/federation-job-queue.chart.vue	operations	packages/features/operations/frontend/pages/admin/federation-job-queue.chart.vue	placed	Queue-control screen and its private chart presentation stay together; processor behavior and statistics data retain their respective owners.
packages/frontend/src/pages/admin/federation-job-queue.vue	operations	packages/features/operations/frontend/pages/admin/federation-job-queue.vue	placed	Queue-control screen and its private chart presentation stay together; processor behavior and statistics data retain their respective owners.
packages/frontend/src/pages/admin/federation.vue	federation	packages/features/federation/frontend/pages/admin/federation.vue	placed	Vue page; routes unchanged (/federation). Federation protocol/relay administration; queue controls are separately owned by operations.
packages/frontend/src/pages/admin/files.vue	drive	packages/features/drive/frontend/pages/admin/files.vue	placed	Vue page; routes unchanged (/files). Drive/file administration.
packages/frontend/src/pages/admin/index.vue	navigation	packages/features/navigation/frontend/pages/admin/index.vue	placed	Administrative route shell; domain services remain in their features.
packages/frontend/src/pages/admin/invites.vue	auth	packages/features/auth/frontend/pages/admin/invites.vue	placed	Vue page; routes unchanged (/invites). Invite codes govern signup/authentication.
packages/frontend/src/pages/admin/job-queue.chart.vue	operations	packages/features/operations/frontend/pages/admin/job-queue.chart.vue	placed	Queue-control screen and its private chart presentation stay together; processor behavior and statistics data retain their respective owners.
packages/frontend/src/pages/admin/job-queue.job.vue	operations	packages/features/operations/frontend/pages/admin/job-queue.job.vue	placed	Queue-control screen and its private chart presentation stay together; processor behavior and statistics data retain their respective owners.
packages/frontend/src/pages/admin/job-queue.vue	operations	packages/features/operations/frontend/pages/admin/job-queue.vue	placed	Queue-control screen and its private chart presentation stay together; processor behavior and statistics data retain their respective owners.
packages/frontend/src/pages/admin/moderation.vue	moderation	packages/features/moderation/frontend/pages/admin/moderation.vue	placed	Vue page; routes unchanged (/moderation). This screen mixes instance signup/visitor visibility and content/moderation policies; verify instance-vs-moderation subsections before moving.
packages/frontend/src/pages/admin/modlog.ModLog.vue	moderation	packages/features/moderation/frontend/pages/admin/modlog.ModLog.vue	placed	Vue page; co-locate with the owning surface, preserve subgroup. Abuse report, moderation or audit screen.
packages/frontend/src/pages/admin/modlog.vue	moderation	packages/features/moderation/frontend/pages/admin/modlog.vue	placed	Vue page; routes unchanged (/modlog). Abuse report, moderation or audit screen.
packages/frontend/src/pages/admin/object-storage.vue	operations	packages/features/operations/frontend/pages/admin/object-storage.vue	placed	Vue page; routes unchanged (/object-storage). Database or object-storage operational control; distinct from drive-file behavior.
packages/frontend/src/pages/admin/overview.active-users.vue	statistics	packages/features/statistics/frontend/pages/admin/overview.active-users.vue	placed	Vue page; co-locate with the owning surface, preserve subgroup. Chart/statistics dashboard or server performance surface.
packages/frontend/src/pages/admin/overview.ap-requests.stories.impl.ts	statistics	packages/features/statistics/frontend/pages/admin/overview.ap-requests.stories.impl.ts	placed	Page companion (.ts); co-locate with the owning surface, preserve subgroup. Page companion (.ts story); co-migrates with the AP-request statistics widget.
packages/frontend/src/pages/admin/overview.ap-requests.vue	statistics	packages/features/statistics/frontend/pages/admin/overview.ap-requests.vue	placed	Vue page; co-locate with the owning surface, preserve subgroup. Chart/statistics dashboard or server performance surface.
packages/frontend/src/pages/admin/overview.federation.vue	statistics	packages/features/statistics/frontend/pages/admin/overview.federation.vue	placed	Vue page; co-locate with the owning surface, preserve subgroup. Chart/statistics dashboard or server performance surface.
packages/frontend/src/pages/admin/overview.heatmap.vue	statistics	packages/features/statistics/frontend/pages/admin/overview.heatmap.vue	placed	Vue page; co-locate with the owning surface, preserve subgroup. Chart/statistics dashboard or server performance surface.
packages/frontend/src/pages/admin/overview.instances.vue	statistics	packages/features/statistics/frontend/pages/admin/overview.instances.vue	placed	Vue page; co-locate with the owning surface, preserve subgroup. Chart/statistics dashboard or server performance surface.
packages/frontend/src/pages/admin/overview.moderators.vue	statistics	packages/features/statistics/frontend/pages/admin/overview.moderators.vue	placed	Vue page; co-locate with the owning surface, preserve subgroup. Chart/statistics dashboard or server performance surface.
packages/frontend/src/pages/admin/overview.pie.vue	statistics	packages/features/statistics/frontend/pages/admin/overview.pie.vue	placed	Vue page; co-locate with the owning surface, preserve subgroup. Chart/statistics dashboard or server performance surface.
packages/frontend/src/pages/admin/overview.queue.chart.vue	statistics	packages/features/statistics/frontend/pages/admin/overview.queue.chart.vue	placed	Vue page; co-locate with the owning surface, preserve subgroup. Chart/statistics dashboard or server performance surface.
packages/frontend/src/pages/admin/overview.queue.vue	statistics	packages/features/statistics/frontend/pages/admin/overview.queue.vue	placed	Vue page; co-locate with the owning surface, preserve subgroup. Chart/statistics dashboard or server performance surface.
packages/frontend/src/pages/admin/overview.retention.vue	statistics	packages/features/statistics/frontend/pages/admin/overview.retention.vue	placed	Vue page; co-locate with the owning surface, preserve subgroup. Chart/statistics dashboard or server performance surface.
packages/frontend/src/pages/admin/overview.stats.vue	statistics	packages/features/statistics/frontend/pages/admin/overview.stats.vue	placed	Vue page; co-locate with the owning surface, preserve subgroup. Chart/statistics dashboard or server performance surface.
packages/frontend/src/pages/admin/overview.users.vue	statistics	packages/features/statistics/frontend/pages/admin/overview.users.vue	placed	Vue page; co-locate with the owning surface, preserve subgroup. Chart/statistics dashboard or server performance surface.
packages/frontend/src/pages/admin/overview.vue	statistics	packages/features/statistics/frontend/pages/admin/overview.vue	placed	Vue page; routes unchanged (/overview). Chart/statistics dashboard or server performance surface.
packages/frontend/src/pages/admin/performance.vue	statistics	packages/features/statistics/frontend/pages/admin/performance.vue	placed	Vue page; routes unchanged (/performance). Chart/statistics dashboard or server performance surface.
packages/frontend/src/pages/admin/relays.vue	federation	packages/features/federation/frontend/pages/admin/relays.vue	placed	Vue page; routes unchanged (/relays). Federation protocol/relay administration; queue controls are separately owned by operations.
packages/frontend/src/pages/admin/roles.edit.vue	roles	packages/features/roles/frontend/pages/admin/roles.edit.vue	placed	Vue page; routes unchanged (/roles/:id/edit, /roles/new). Role CRUD/policy/assignment screen; admin prefix is not the ownership rule.
packages/frontend/src/pages/admin/roles.editor.vue	roles	packages/features/roles/frontend/pages/admin/roles.editor.vue	placed	Vue page; co-locate with the owning surface, preserve subgroup. Role CRUD/policy/assignment screen; admin prefix is not the ownership rule.
packages/frontend/src/pages/admin/roles.policy-editor.folder.vue	roles	packages/features/roles/frontend/pages/admin/roles.policy-editor.folder.vue	placed	Vue page; co-locate with the owning surface, preserve subgroup. Role CRUD/policy/assignment screen; admin prefix is not the ownership rule.
packages/frontend/src/pages/admin/roles.policy-editor.vue	roles	packages/features/roles/frontend/pages/admin/roles.policy-editor.vue	placed	Vue page; co-locate with the owning surface, preserve subgroup. Role CRUD/policy/assignment screen; admin prefix is not the ownership rule.
packages/frontend/src/pages/admin/roles.role.vue	roles	packages/features/roles/frontend/pages/admin/roles.role.vue	placed	Vue page; routes unchanged (/roles/:id). Role CRUD/policy/assignment screen; admin prefix is not the ownership rule.
packages/frontend/src/pages/admin/roles.vue	roles	packages/features/roles/frontend/pages/admin/roles.vue	placed	Vue page; routes unchanged (/roles). Role CRUD/policy/assignment screen; admin prefix is not the ownership rule.
packages/frontend/src/pages/admin/security.vue	instance	packages/features/instance/frontend/pages/admin/security.vue	placed	Instance-owned settings shell composes auth bot/email checks, media detection configuration and operations IP logging; extract sections before wholesale migration.
packages/frontend/src/pages/admin/server-rules.vue	instance	packages/features/instance/frontend/pages/admin/server-rules.vue	placed	Vue page; co-locate with the owning surface, preserve subgroup. Instance configuration surface; delivery/auth/domain behavior remains in its owning service feature.
packages/frontend/src/pages/admin/settings.vue	instance	packages/features/instance/frontend/pages/admin/settings.vue	placed	Vue page; routes unchanged (/settings). Instance configuration surface; delivery/auth/domain behavior remains in its owning service feature.
packages/frontend/src/pages/admin/system-webhook.item.vue	integrations	packages/features/integrations/frontend/pages/admin/system-webhook.item.vue	placed	Vue page; co-locate with the owning surface, preserve subgroup. System webhook management.
packages/frontend/src/pages/admin/system-webhook.vue	integrations	packages/features/integrations/frontend/pages/admin/system-webhook.vue	placed	Vue page; routes unchanged (/system-webhook). System webhook management.
packages/frontend/src/pages/admin/users.vue	users	packages/features/users/frontend/pages/admin/users.vue	placed	Vue page; routes unchanged (/users). Admin user listing/search spans user account data, role state, moderation status and federation; choose a stable domain split before moving.
packages/frontend/src/pages/admin-file.chat.vue	drive	packages/features/drive/frontend/pages/admin-file.chat.vue	placed	Vue page; co-locate with the owning surface, preserve subgroup. Drive/file/folder or file-admin surface.
packages/frontend/src/pages/admin-file.root.vue	drive	packages/features/drive/frontend/pages/admin-file.root.vue	placed	Vue page; co-locate with the owning surface, preserve subgroup. Drive/file/folder or file-admin surface.
packages/frontend/src/pages/admin-file.vue	drive	packages/features/drive/frontend/pages/admin-file.vue	placed	Vue page; routes unchanged (/admin/file/:fileId). Drive/file/folder or file-admin surface.
packages/frontend/src/pages/admin-user.vue	moderation	packages/features/moderation/frontend/pages/admin-user.vue	placed	Administrator inspection and moderation actions consume user read ports.
packages/frontend/src/pages/ads.vue	instance	packages/features/instance/frontend/pages/ads.vue	placed	Vue page; routes unchanged (/ads). Instance advertisement display/configuration.
packages/frontend/src/pages/announcement.vue	announcements	packages/features/announcements/frontend/pages/announcement.vue	placed	Vue page; routes unchanged (/announcements/:announcementId). Public announcement/read-state surface.
packages/frontend/src/pages/announcements.vue	announcements	packages/features/announcements/frontend/pages/announcements.vue	placed	Vue page; routes unchanged (/announcements). Public announcement/read-state surface.
packages/frontend/src/pages/antenna-timeline.vue	timelines	packages/features/timelines/frontend/pages/antenna-timeline.vue	placed	Vue page; routes unchanged (/timeline/antenna/:antennaId). Antenna configuration or antenna timeline.
packages/frontend/src/pages/api-console.vue	api	packages/features/api/frontend/pages/api-console.vue	placed	Developer API request console.
packages/frontend/src/pages/auth.form.vue	auth	packages/features/auth/frontend/pages/auth.form.vue	placed	Vue page; co-locate with the owning surface, preserve subgroup. Sign-in, signup, verification, OAuth/MiAuth or password lifecycle.
packages/frontend/src/pages/auth.vue	auth	packages/features/auth/frontend/pages/auth.vue	placed	Vue page; routes unchanged (/auth/:token). Sign-in, signup, verification, OAuth/MiAuth or password lifecycle.
packages/frontend/src/pages/avatar-decoration-edit-dialog.vue	avatar-decorations	packages/features/avatar-decorations/frontend/pages/avatar-decoration-edit-dialog.vue	placed	Vue page; co-locate with the owning surface, preserve subgroup. Avatar-decoration catalog/editor/selection.
packages/frontend/src/pages/avatar-decorations.vue	avatar-decorations	packages/features/avatar-decorations/frontend/pages/avatar-decorations.vue	placed	Vue page; routes unchanged (/avatar-decorations, /avatar-decorations). Avatar-decoration catalog/editor/selection.
packages/frontend/src/pages/channel-editor.vue	channels	packages/features/channels/frontend/pages/channel-editor.vue	placed	Vue page; routes unchanged (/channels/:channelId/edit, /channels/new). Channel content/membership surface.
packages/frontend/src/pages/channel.vue	channels	packages/features/channels/frontend/pages/channel.vue	placed	Vue page; routes unchanged (/channels/:channelId). Channel content/membership surface.
packages/frontend/src/pages/channels.vue	channels	packages/features/channels/frontend/pages/channels.vue	placed	Vue page; routes unchanged (/channels). Channel content/membership surface.
packages/frontend/src/pages/chat/XMessage.vue	chat	packages/features/chat/frontend/pages/chat/XMessage.vue	placed	Vue page; co-locate with the owning surface, preserve subgroup. Chat rooms/messages/read-state surface.
packages/frontend/src/pages/chat/XRoom.vue	chat	packages/features/chat/frontend/pages/chat/XRoom.vue	placed	Vue page; co-locate with the owning surface, preserve subgroup. Chat rooms/messages/read-state surface.
packages/frontend/src/pages/chat/home.home.vue	chat	packages/features/chat/frontend/pages/chat/home.home.vue	placed	Vue page; co-locate with the owning surface, preserve subgroup. Chat rooms/messages/read-state surface.
packages/frontend/src/pages/chat/home.invitations.vue	chat	packages/features/chat/frontend/pages/chat/home.invitations.vue	placed	Vue page; co-locate with the owning surface, preserve subgroup. Chat rooms/messages/read-state surface.
packages/frontend/src/pages/chat/home.joiningRooms.vue	chat	packages/features/chat/frontend/pages/chat/home.joiningRooms.vue	placed	Vue page; co-locate with the owning surface, preserve subgroup. Chat rooms/messages/read-state surface.
packages/frontend/src/pages/chat/home.ownedRooms.vue	chat	packages/features/chat/frontend/pages/chat/home.ownedRooms.vue	placed	Vue page; co-locate with the owning surface, preserve subgroup. Chat rooms/messages/read-state surface.
packages/frontend/src/pages/chat/home.vue	chat	packages/features/chat/frontend/pages/chat/home.vue	placed	Vue page; routes unchanged (/chat). Chat rooms/messages/read-state surface.
packages/frontend/src/pages/chat/message.vue	chat	packages/features/chat/frontend/pages/chat/message.vue	placed	Vue page; routes unchanged (/chat/messages/:messageId). Chat rooms/messages/read-state surface.
packages/frontend/src/pages/chat/room.form.vue	chat	packages/features/chat/frontend/pages/chat/room.form.vue	placed	Vue page; co-locate with the owning surface, preserve subgroup. Chat rooms/messages/read-state surface.
packages/frontend/src/pages/chat/room.info.vue	chat	packages/features/chat/frontend/pages/chat/room.info.vue	placed	Vue page; co-locate with the owning surface, preserve subgroup. Chat rooms/messages/read-state surface.
packages/frontend/src/pages/chat/room.members.vue	chat	packages/features/chat/frontend/pages/chat/room.members.vue	placed	Vue page; co-locate with the owning surface, preserve subgroup. Chat rooms/messages/read-state surface.
packages/frontend/src/pages/chat/room.search.vue	chat	packages/features/chat/frontend/pages/chat/room.search.vue	placed	Vue page; co-locate with the owning surface, preserve subgroup. Chat rooms/messages/read-state surface.
packages/frontend/src/pages/chat/room.vue	chat	packages/features/chat/frontend/pages/chat/room.vue	placed	Vue page; routes unchanged (/chat/user/:userId, /chat/room/:roomId). Chat rooms/messages/read-state surface.
packages/frontend/src/pages/clicker.vue	games	packages/features/games/frontend/pages/clicker.vue	placed	Vue page; routes unchanged (/clicker). Game API/UI surface.
packages/frontend/src/pages/clip.vue	collections	packages/features/collections/frontend/pages/clip.vue	placed	Vue page; routes unchanged (/clips/:clipId). Clip/favorite collection surface.
packages/frontend/src/pages/contact.vue	instance	packages/features/instance/frontend/pages/contact.vue	placed	Vue page; routes unchanged (/contact). Contact page renders per-instance contact/maintainer information.
packages/frontend/src/pages/custom-emojis-manager.vue	emojis	packages/features/emojis/frontend/pages/custom-emojis-manager.vue	placed	Vue page; routes unchanged (/custom-emojis-manager, /emojis). Custom emoji catalog/picker/manager/editor.
packages/frontend/src/pages/debug.vue	ui	packages/features/ui/frontend/pages/debug.vue	placed	Inspected component/icon/dialog/menu demo surface.
packages/frontend/src/pages/drive.file.info.vue	drive	packages/features/drive/frontend/pages/drive.file.info.vue	placed	Vue page; co-locate with the owning surface, preserve subgroup. Drive/file/folder or file-admin surface.
packages/frontend/src/pages/drive.file.notes.vue	drive	packages/features/drive/frontend/pages/drive.file.notes.vue	placed	Vue page; co-locate with the owning surface, preserve subgroup. Drive/file/folder or file-admin surface.
packages/frontend/src/pages/drive.file.vue	drive	packages/features/drive/frontend/pages/drive.file.vue	placed	Vue page; routes unchanged (/my/drive/file/:fileId). Drive/file/folder or file-admin surface.
packages/frontend/src/pages/drive.vue	drive	packages/features/drive/frontend/pages/drive.vue	placed	Vue page; routes unchanged (/my/drive/folder/:folder, /my/drive). Drive/file/folder or file-admin surface.
packages/frontend/src/pages/drop-and-fusion.game.vue	games	packages/features/games/frontend/pages/drop-and-fusion.game.vue	placed	Vue page; co-locate with the owning surface, preserve subgroup. Game API/UI surface.
packages/frontend/src/pages/drop-and-fusion.vue	games	packages/features/games/frontend/pages/drop-and-fusion.vue	placed	Vue page; routes unchanged (/bubble-game). Game API/UI surface.
packages/frontend/src/pages/emoji-edit-dialog.vue	emojis	packages/features/emojis/frontend/pages/emoji-edit-dialog.vue	placed	Vue page; co-locate with the owning surface, preserve subgroup. Custom emoji catalog/picker/manager/editor.
packages/frontend/src/pages/explore.featured.vue	discovery	packages/features/discovery/frontend/pages/explore.featured.vue	placed	Vue page; co-locate with the owning surface, preserve subgroup. Search/explore/hashtag/lookup surface.
packages/frontend/src/pages/explore.roles.vue	roles	packages/features/roles/frontend/pages/explore.roles.vue	placed	Vue page; co-locate with the owning surface, preserve subgroup. Public role browser backed by role definitions/policies.
packages/frontend/src/pages/explore.users.vue	discovery	packages/features/discovery/frontend/pages/explore.users.vue	placed	Vue page; co-locate with the owning surface, preserve subgroup. Search/explore/hashtag/lookup surface.
packages/frontend/src/pages/explore.vue	discovery	packages/features/discovery/frontend/pages/explore.vue	placed	Vue page; routes unchanged (/explore). Search/explore/hashtag/lookup surface.
packages/frontend/src/pages/favorites.vue	collections	packages/features/collections/frontend/pages/favorites.vue	placed	Vue page; routes unchanged (/my/favorites). Clip/favorite collection surface.
packages/frontend/src/pages/flash/flash-edit.vue	play	packages/features/play/frontend/pages/flash/flash-edit.vue	placed	Vue page; routes unchanged (/play/:id/edit, /play/new). Flash/AiScript authoring, execution or scratchpad.
packages/frontend/src/pages/flash/flash-index.vue	play	packages/features/play/frontend/pages/flash/flash-index.vue	placed	Vue page; routes unchanged (/play). Flash/AiScript authoring, execution or scratchpad.
packages/frontend/src/pages/flash/flash.vue	play	packages/features/play/frontend/pages/flash/flash.vue	placed	Vue page; routes unchanged (/play/:id). Flash/AiScript authoring, execution or scratchpad.
packages/frontend/src/pages/follow-requests.vue	relationships	packages/features/relationships/frontend/pages/follow-requests.vue	placed	Vue page; routes unchanged (/my/follow-requests). User-list or follow-request relationship surface.
packages/frontend/src/pages/gallery/edit.root.vue	gallery	packages/features/gallery/frontend/pages/gallery/edit.root.vue	placed	Vue page; co-locate with the owning surface, preserve subgroup. Gallery post/like surface.
packages/frontend/src/pages/gallery/edit.vue	gallery	packages/features/gallery/frontend/pages/gallery/edit.vue	placed	Vue page; routes unchanged (/gallery/:postId/edit, /gallery/new). Gallery post/like surface.
packages/frontend/src/pages/gallery/index.vue	gallery	packages/features/gallery/frontend/pages/gallery/index.vue	placed	Vue page; routes unchanged (/gallery). Gallery post/like surface.
packages/frontend/src/pages/gallery/post.vue	gallery	packages/features/gallery/frontend/pages/gallery/post.vue	placed	Vue page; routes unchanged (/gallery/:postId). Gallery post/like surface.
packages/frontend/src/pages/games.vue	games	packages/features/games/frontend/pages/games.vue	placed	Vue page; routes unchanged (/games). Game API/UI surface.
packages/frontend/src/pages/install-extensions.vue	integrations	packages/features/integrations/frontend/pages/install-extensions.vue	placed	Verified external extension installation and lifecycle.
packages/frontend/src/pages/instance-info.vue	federation	packages/features/federation/frontend/pages/instance-info.vue	placed	Vue page; routes unchanged (/instance-info/:host). Remote-instance detail; federation owns remote instance discovery/protocol state.
packages/frontend/src/pages/invite.vue	auth	packages/features/auth/frontend/pages/invite.vue	placed	Vue page; routes unchanged (/invite). Sign-in, signup, verification, OAuth/MiAuth or password lifecycle.
packages/frontend/src/pages/list.vue	relationships	packages/features/relationships/frontend/pages/list.vue	placed	Vue page; routes unchanged (/list/:listId). User-list or follow-request relationship surface.
packages/frontend/src/pages/lookup.vue	federation	packages/features/federation/frontend/pages/lookup.vue	placed	Vue page; routes unchanged (/lookup). Resolves ActivityPub object/user identifiers and remote profiles.
packages/frontend/src/pages/miauth.vue	auth	packages/features/auth/frontend/pages/miauth.vue	placed	Vue page; routes unchanged (/miauth/:session). Sign-in, signup, verification, OAuth/MiAuth or password lifecycle.
packages/frontend/src/pages/my-antennas/create.vue	timelines	packages/features/timelines/frontend/pages/my-antennas/create.vue	placed	Vue page; routes unchanged (/my/antennas/create). Antenna configuration or antenna timeline.
packages/frontend/src/pages/my-antennas/edit.vue	timelines	packages/features/timelines/frontend/pages/my-antennas/edit.vue	placed	Vue page; routes unchanged (/my/antennas/:antennaId). Antenna configuration or antenna timeline.
packages/frontend/src/pages/my-antennas/index.vue	timelines	packages/features/timelines/frontend/pages/my-antennas/index.vue	placed	Vue page; routes unchanged (/my/antennas). Antenna configuration or antenna timeline.
packages/frontend/src/pages/my-clips/index.vue	collections	packages/features/collections/frontend/pages/my-clips/index.vue	placed	Vue page; routes unchanged (/my/clips). Clip/favorite collection surface.
packages/frontend/src/pages/my-lists/index.vue	relationships	packages/features/relationships/frontend/pages/my-lists/index.vue	placed	Vue page; routes unchanged (/my/lists). User-list or follow-request relationship surface.
packages/frontend/src/pages/my-lists/list.vue	relationships	packages/features/relationships/frontend/pages/my-lists/list.vue	placed	Vue page; routes unchanged (/my/lists/:listId). User-list or follow-request relationship surface.
packages/frontend/src/pages/note.vue	notes	packages/features/notes/frontend/pages/note.vue	placed	Vue page; routes unchanged (/notes/:noteId/:initialTab?). Note detail/composition surface.
packages/frontend/src/pages/notifications.vue	notifications	packages/features/notifications/frontend/pages/notifications.vue	placed	Vue page; routes unchanged (/my/notifications). Notification inbox.
packages/frontend/src/pages/oauth.vue	auth	packages/features/auth/frontend/pages/oauth.vue	placed	Vue page; routes unchanged (/oauth/authorize). Sign-in, signup, verification, OAuth/MiAuth or password lifecycle.
packages/frontend/src/pages/page-editor/common.ts	pages	packages/features/pages/frontend/pages/page-editor/common.ts	placed	Page companion (.ts); co-locate with the owning surface, preserve subgroup. Page-editor helper companion (.ts); co-migrates with the page authoring surface.
packages/frontend/src/pages/page-editor/els/page-editor.el.image.vue	pages	packages/features/pages/frontend/pages/page-editor/els/page-editor.el.image.vue	placed	Vue page; co-locate with the owning surface, preserve subgroup. Authored page/editor/like surface.
packages/frontend/src/pages/page-editor/els/page-editor.el.note.vue	pages	packages/features/pages/frontend/pages/page-editor/els/page-editor.el.note.vue	placed	Vue page; co-locate with the owning surface, preserve subgroup. Authored page/editor/like surface.
packages/frontend/src/pages/page-editor/els/page-editor.el.section.vue	pages	packages/features/pages/frontend/pages/page-editor/els/page-editor.el.section.vue	placed	Vue page; co-locate with the owning surface, preserve subgroup. Authored page/editor/like surface.
packages/frontend/src/pages/page-editor/els/page-editor.el.text.vue	pages	packages/features/pages/frontend/pages/page-editor/els/page-editor.el.text.vue	placed	Vue page; co-locate with the owning surface, preserve subgroup. Authored page/editor/like surface.
packages/frontend/src/pages/page-editor/page-editor.blocks.vue	pages	packages/features/pages/frontend/pages/page-editor/page-editor.blocks.vue	placed	Vue page; co-locate with the owning surface, preserve subgroup. Authored page/editor/like surface.
packages/frontend/src/pages/page-editor/page-editor.container.vue	pages	packages/features/pages/frontend/pages/page-editor/page-editor.container.vue	placed	Vue page; co-locate with the owning surface, preserve subgroup. Authored page/editor/like surface.
packages/frontend/src/pages/page-editor/page-editor.vue	pages	packages/features/pages/frontend/pages/page-editor/page-editor.vue	placed	Vue page; routes unchanged (/pages/new, /pages/edit/:initPageId). Authored page/editor/like surface.
packages/frontend/src/pages/page.vue	pages	packages/features/pages/frontend/pages/page.vue	placed	Vue page; routes unchanged (/@:username/pages/:pageName(*)). Authored page/editor/like surface.
packages/frontend/src/pages/pages.vue	pages	packages/features/pages/frontend/pages/pages.vue	placed	Vue page; routes unchanged (/pages). Authored page/editor/like surface.
packages/frontend/src/pages/preview.vue	ui	packages/features/ui/frontend/pages/preview.vue	placed	Inspected page renders the common MkPreview component.
packages/frontend/src/pages/qr.read.raw-viewer.vue	share	packages/features/share/frontend/pages/qr.read.raw-viewer.vue	placed	QR profile sharing/read/show surface grouped with /share; preserve route and child lazy boundaries.
packages/frontend/src/pages/qr.read.vue	share	packages/features/share/frontend/pages/qr.read.vue	placed	QR profile sharing/read/show surface grouped with /share; preserve route and child lazy boundaries.
packages/frontend/src/pages/qr.show.vue	share	packages/features/share/frontend/pages/qr.show.vue	placed	QR profile sharing/read/show surface grouped with /share; preserve route and child lazy boundaries.
packages/frontend/src/pages/qr.vue	share	packages/features/share/frontend/pages/qr.vue	placed	QR profile sharing/read/show surface grouped with /share; preserve route and child lazy boundaries.
packages/frontend/src/pages/registry.keys.vue	preferences	packages/features/preferences/frontend/pages/registry.keys.vue	placed	Vue page; routes unchanged (/registry/keys/:domain/:path(*)?). Scoped client registry state and registry API.
packages/frontend/src/pages/registry.value.vue	preferences	packages/features/preferences/frontend/pages/registry.value.vue	placed	Vue page; routes unchanged (/registry/value/:domain/:path(*)?). Scoped client registry state and registry API.
packages/frontend/src/pages/registry.vue	preferences	packages/features/preferences/frontend/pages/registry.vue	placed	Vue page; routes unchanged (/registry). Scoped client registry state and registry API.
packages/frontend/src/pages/reset-password.vue	auth	packages/features/auth/frontend/pages/reset-password.vue	placed	Vue page; routes unchanged (/reset-password/:token?). Sign-in, signup, verification, OAuth/MiAuth or password lifecycle.
packages/frontend/src/pages/reversi/game.board.vue	games	packages/features/games/frontend/pages/reversi/game.board.vue	placed	Vue page; co-locate with the owning surface, preserve subgroup. Game API/UI surface.
packages/frontend/src/pages/reversi/game.setting.vue	games	packages/features/games/frontend/pages/reversi/game.setting.vue	placed	Vue page; co-locate with the owning surface, preserve subgroup. Game API/UI surface.
packages/frontend/src/pages/reversi/game.vue	games	packages/features/games/frontend/pages/reversi/game.vue	placed	Vue page; routes unchanged (/reversi/g/:gameId). Game API/UI surface.
packages/frontend/src/pages/reversi/index.vue	games	packages/features/games/frontend/pages/reversi/index.vue	placed	Vue page; routes unchanged (/reversi). Game API/UI surface.
packages/frontend/src/pages/role.vue	roles	packages/features/roles/frontend/pages/role.vue	placed	Vue page; routes unchanged (/roles/:roleId). Role detail/policy surface.
packages/frontend/src/pages/scratchpad.vue	play	packages/features/play/frontend/pages/scratchpad.vue	placed	Vue page; routes unchanged (/scratchpad). Flash/AiScript authoring, execution or scratchpad.
packages/frontend/src/pages/search.note.vue	discovery	packages/features/discovery/frontend/pages/search.note.vue	placed	Vue page; co-locate with the owning surface, preserve subgroup. Search/explore/hashtag/lookup surface.
packages/frontend/src/pages/search.stories.impl.ts	discovery	packages/features/discovery/frontend/pages/search.stories.impl.ts	placed	Page companion (.ts); co-locate with the owning surface, preserve subgroup. Page companion (.ts story); co-migrates with search/explore.
packages/frontend/src/pages/search.user.vue	discovery	packages/features/discovery/frontend/pages/search.user.vue	placed	Vue page; co-locate with the owning surface, preserve subgroup. Search/explore/hashtag/lookup surface.
packages/frontend/src/pages/search.vue	discovery	packages/features/discovery/frontend/pages/search.vue	placed	Vue page; routes unchanged (/search). Search/explore/hashtag/lookup surface.
packages/frontend/src/pages/settings/2fa.qrdialog.vue	auth	packages/features/auth/frontend/pages/settings/2fa.qrdialog.vue	placed	Vue page; co-locate with the owning surface, preserve subgroup. Account sign-in, authentication, token or email-verification setting.
packages/frontend/src/pages/settings/2fa.vue	auth	packages/features/auth/frontend/pages/settings/2fa.vue	placed	Vue page; co-locate with the owning surface, preserve subgroup. Account sign-in, authentication, token or email-verification setting.
packages/frontend/src/pages/settings/account-data.vue	portability	packages/features/portability/frontend/pages/settings/account-data.vue	placed	Vue page; routes unchanged (/account-data). User data import/export workflow; portability owns orchestration.
packages/frontend/src/pages/settings/accounts.vue	auth	packages/features/auth/frontend/pages/settings/accounts.vue	placed	Vue page; routes unchanged (/accounts). Account sign-in, authentication, token or email-verification setting.
packages/frontend/src/pages/settings/apps.vue	auth	packages/features/auth/frontend/pages/settings/apps.vue	placed	Vue page; routes unchanged (/apps). Account sign-in, authentication, token or email-verification setting.
packages/frontend/src/pages/settings/avatar-decoration.decoration.vue	avatar-decorations	packages/features/avatar-decorations/frontend/pages/settings/avatar-decoration.decoration.vue	placed	Vue page; co-locate with the owning surface, preserve subgroup. User decoration selection/editor.
packages/frontend/src/pages/settings/avatar-decoration.dialog.vue	avatar-decorations	packages/features/avatar-decorations/frontend/pages/settings/avatar-decoration.dialog.vue	placed	Vue page; co-locate with the owning surface, preserve subgroup. User decoration selection/editor.
packages/frontend/src/pages/settings/avatar-decoration.vue	avatar-decorations	packages/features/avatar-decorations/frontend/pages/settings/avatar-decoration.vue	placed	Vue page; routes unchanged (/avatar-decoration). User decoration selection/editor.
packages/frontend/src/pages/settings/connect.vue	auth	packages/features/auth/frontend/pages/settings/connect.vue	placed	Connected application authorization and MiAuth token issuance.
packages/frontend/src/pages/settings/custom-css.vue	preferences	packages/features/preferences/frontend/pages/settings/custom-css.vue	placed	Vue page; routes unchanged (/custom-css). Client appearance/layout preference; settings prefix does not imply a settings feature.
packages/frontend/src/pages/settings/deck.vue	preferences	packages/features/preferences/frontend/pages/settings/deck.vue	placed	Vue page; routes unchanged (/deck). Client appearance/layout preference; settings prefix does not imply a settings feature.
packages/frontend/src/pages/settings/drive-cleaner.vue	drive	packages/features/drive/frontend/pages/settings/drive-cleaner.vue	placed	Vue page; routes unchanged (/drive/cleaner). Drive settings or drive-file presentation/cleanup.
packages/frontend/src/pages/settings/drive.ImageFrameItem.vue	drive	packages/features/drive/frontend/pages/settings/drive.ImageFrameItem.vue	placed	Vue page; co-locate with the owning surface, preserve subgroup. Drive settings or drive-file presentation/cleanup.
packages/frontend/src/pages/settings/drive.WatermarkItem.vue	drive	packages/features/drive/frontend/pages/settings/drive.WatermarkItem.vue	placed	Vue page; co-locate with the owning surface, preserve subgroup. Drive settings or drive-file presentation/cleanup.
packages/frontend/src/pages/settings/drive.vue	drive	packages/features/drive/frontend/pages/settings/drive.vue	placed	Vue page; routes unchanged (/drive). Drive settings or drive-file presentation/cleanup.
packages/frontend/src/pages/settings/email.vue	auth	packages/features/auth/frontend/pages/settings/email.vue	placed	Email address/authentication settings placement only; no business behavior split.
packages/frontend/src/pages/settings/emoji-palette.palette.vue	preferences	packages/features/preferences/frontend/pages/settings/emoji-palette.palette.vue	placed	Vue page; co-locate with the owning surface, preserve subgroup. Client appearance/layout preference; settings prefix does not imply a settings feature.
packages/frontend/src/pages/settings/emoji-palette.vue	preferences	packages/features/preferences/frontend/pages/settings/emoji-palette.vue	placed	Vue page; routes unchanged (/emoji-palette). Client appearance/layout preference; settings prefix does not imply a settings feature.
packages/frontend/src/pages/settings/index.vue	navigation	packages/features/navigation/frontend/pages/settings/index.vue	placed	Nested settings route shell; preserve search-index composition.
packages/frontend/src/pages/settings/migration.vue	users	packages/features/users/frontend/pages/settings/migration.vue	placed	Vue page; co-locate with the owning surface, preserve subgroup. Account migration/alias workflow; user-owned account lifecycle.
packages/frontend/src/pages/settings/mute-block.emoji-mute.vue	relationships	packages/features/relationships/frontend/pages/settings/mute-block.emoji-mute.vue	placed	Vue page; co-locate with the owning surface, preserve subgroup. User/channel mute and block preferences.
packages/frontend/src/pages/settings/mute-block.instance-mute.vue	relationships	packages/features/relationships/frontend/pages/settings/mute-block.instance-mute.vue	placed	Vue page; co-locate with the owning surface, preserve subgroup. User/channel mute and block preferences.
packages/frontend/src/pages/settings/mute-block.vue	relationships	packages/features/relationships/frontend/pages/settings/mute-block.vue	placed	Vue page; routes unchanged (/mute-block). User/channel mute and block preferences.
packages/frontend/src/pages/settings/mute-block.word-mute.vue	relationships	packages/features/relationships/frontend/pages/settings/mute-block.word-mute.vue	placed	Vue page; co-locate with the owning surface, preserve subgroup. User/channel mute and block preferences.
packages/frontend/src/pages/settings/navbar.vue	preferences	packages/features/preferences/frontend/pages/settings/navbar.vue	placed	Vue page; routes unchanged (/navbar). Client appearance/layout preference; settings prefix does not imply a settings feature.
packages/frontend/src/pages/settings/notifications.notification-config.vue	notifications	packages/features/notifications/frontend/pages/settings/notifications.notification-config.vue	placed	Vue page; co-locate with the owning surface, preserve subgroup. Notification subscriptions/preferences.
packages/frontend/src/pages/settings/notifications.vue	notifications	packages/features/notifications/frontend/pages/settings/notifications.vue	placed	Vue page; routes unchanged (/notifications). Notification subscriptions/preferences.
packages/frontend/src/pages/settings/other.vue	preferences	packages/features/preferences/frontend/pages/settings/other.vue	placed	Vue page; routes unchanged (/other). Miscellaneous settings page likely mixes preference and account behaviors; inspect sections before moving wholesale.
packages/frontend/src/pages/settings/plugin.install.vue	integrations	packages/features/integrations/frontend/pages/settings/plugin.install.vue	placed	Client plugin installation and lifecycle.
packages/frontend/src/pages/settings/plugin.vue	integrations	packages/features/integrations/frontend/pages/settings/plugin.vue	placed	Client plugin installation and lifecycle.
packages/frontend/src/pages/settings/preferences.vue	preferences	packages/features/preferences/frontend/pages/settings/preferences.vue	placed	Vue page; routes unchanged (/preferences). Client-level preference registry/state surface.
packages/frontend/src/pages/settings/privacy.vue	users	packages/features/users/frontend/pages/settings/privacy.vue	placed	Vue page; routes unchanged (/privacy). Account visibility is user-owned but settings include relationship/chat policies; split or confirm ownership before bulk move.
packages/frontend/src/pages/settings/profile.vue	users	packages/features/users/frontend/pages/settings/profile.vue	placed	Vue page; routes unchanged (/profile). Profile fields/account identity.
packages/frontend/src/pages/settings/profiles.vue	users	packages/features/users/frontend/pages/settings/profiles.vue	placed	Vue page; routes unchanged (/profiles). Profile fields/account identity.
packages/frontend/src/pages/settings/security.vue	auth	packages/features/auth/frontend/pages/settings/security.vue	placed	Vue page; routes unchanged (/security). Account sign-in, authentication, token or email-verification setting.
packages/frontend/src/pages/settings/sounds.sound.vue	preferences	packages/features/preferences/frontend/pages/settings/sounds.sound.vue	placed	Vue page; co-locate with the owning surface, preserve subgroup. Client appearance/layout preference; settings prefix does not imply a settings feature.
packages/frontend/src/pages/settings/sounds.vue	preferences	packages/features/preferences/frontend/pages/settings/sounds.vue	placed	Vue page; routes unchanged (/sounds). Client appearance/layout preference; settings prefix does not imply a settings feature.
packages/frontend/src/pages/settings/statusbar.statusbar.vue	preferences	packages/features/preferences/frontend/pages/settings/statusbar.statusbar.vue	placed	Vue page; co-locate with the owning surface, preserve subgroup. Client appearance/layout preference; settings prefix does not imply a settings feature.
packages/frontend/src/pages/settings/statusbar.vue	preferences	packages/features/preferences/frontend/pages/settings/statusbar.vue	placed	Vue page; routes unchanged (/statusbar). Client appearance/layout preference; settings prefix does not imply a settings feature.
packages/frontend/src/pages/settings/theme.install.vue	preferences	packages/features/preferences/frontend/pages/settings/theme.install.vue	placed	Vue page; routes unchanged (/theme/install). Client appearance/layout preference; settings prefix does not imply a settings feature.
packages/frontend/src/pages/settings/theme.manage.vue	preferences	packages/features/preferences/frontend/pages/settings/theme.manage.vue	placed	Vue page; routes unchanged (/theme/manage). Client appearance/layout preference; settings prefix does not imply a settings feature.
packages/frontend/src/pages/settings/theme.vue	preferences	packages/features/preferences/frontend/pages/settings/theme.vue	placed	Vue page; routes unchanged (/theme). Client appearance/layout preference; settings prefix does not imply a settings feature.
packages/frontend/src/pages/settings/webhook.edit.vue	integrations	packages/features/integrations/frontend/pages/settings/webhook.edit.vue	placed	Vue page; routes unchanged (/webhook/edit/:webhookId). User webhook setup/editing.
packages/frontend/src/pages/settings/webhook.new.vue	integrations	packages/features/integrations/frontend/pages/settings/webhook.new.vue	placed	Vue page; routes unchanged (/webhook/new). User webhook setup/editing.
packages/frontend/src/pages/share.vue	share	packages/features/share/frontend/pages/share.vue	placed	Explicit share UI group; preserve /share lazy route and posting behavior.
packages/frontend/src/pages/signup-complete.vue	auth	packages/features/auth/frontend/pages/signup-complete.vue	placed	Vue page; routes unchanged (/signup-complete/:code). Sign-in, signup, verification, OAuth/MiAuth or password lifecycle.
packages/frontend/src/pages/tag.vue	discovery	packages/features/discovery/frontend/pages/tag.vue	placed	Vue page; routes unchanged (/tags/:tag). Search/explore/hashtag/lookup surface.
packages/frontend/src/pages/theme-editor.vue	preferences	packages/features/preferences/frontend/pages/theme-editor.vue	placed	Vue page; routes unchanged (/theme-editor). User theme authoring/selection preference.
packages/frontend/src/pages/timeline.vue	timelines	packages/features/timelines/frontend/pages/timeline.vue	placed	Vue page; routes unchanged (/, /timeline). Timeline composition or timeline query surface.
packages/frontend/src/pages/user/achievements.vue	users	packages/features/users/frontend/pages/user/achievements.vue	placed	Vue page; co-locate with the owning surface, preserve subgroup. Profile/home/account identity and lifecycle surface.
packages/frontend/src/pages/user/activity.following.vue	relationships	packages/features/relationships/frontend/pages/user/activity.following.vue	placed	Vue page; co-locate with the owning surface, preserve subgroup. Profile relationship/list surface; relationships owns follow and user-list state.
packages/frontend/src/pages/user/activity.notes.vue	notes	packages/features/notes/frontend/pages/user/activity.notes.vue	placed	Vue page; co-locate with the owning surface, preserve subgroup. Profile tab queries authored notes/reactions/files; notes owns the note-content presentation/query surface.
packages/frontend/src/pages/user/activity.pv.vue	statistics	packages/features/statistics/frontend/pages/user/activity.pv.vue	placed	Vue page; co-locate with the owning surface, preserve subgroup. Profile activity/PV surface is a metrics view but is embedded in user-profile navigation; confirm statistics-vs-users boundary.
packages/frontend/src/pages/user/activity.vue	users	packages/features/users/frontend/pages/user/activity.vue	placed	Profile-local activity display consumes statistics; keep profile-private presentation together.
packages/frontend/src/pages/user/clips.vue	collections	packages/features/collections/frontend/pages/user/clips.vue	placed	Vue page; co-locate with the owning surface, preserve subgroup. Profile clips tab; collections owns clips.
packages/frontend/src/pages/user/files.vue	notes	packages/features/notes/frontend/pages/user/files.vue	placed	Vue page; co-locate with the owning surface, preserve subgroup. Profile tab queries authored notes/reactions/files; notes owns the note-content presentation/query surface.
packages/frontend/src/pages/user/flashs.vue	play	packages/features/play/frontend/pages/user/flashs.vue	placed	Vue page; co-locate with the owning surface, preserve subgroup. Profile Flash/AiScript creations tab.
packages/frontend/src/pages/user/follow-list.vue	relationships	packages/features/relationships/frontend/pages/user/follow-list.vue	placed	Vue page; co-locate with the owning surface, preserve subgroup. Profile relationship/list surface; relationships owns follow and user-list state.
packages/frontend/src/pages/user/followers.vue	relationships	packages/features/relationships/frontend/pages/user/followers.vue	placed	Vue page; routes unchanged (/@:acct/followers). Profile relationship/list surface; relationships owns follow and user-list state.
packages/frontend/src/pages/user/following.vue	relationships	packages/features/relationships/frontend/pages/user/following.vue	placed	Vue page; routes unchanged (/@:acct/following). Profile relationship/list surface; relationships owns follow and user-list state.
packages/frontend/src/pages/user/gallery.vue	gallery	packages/features/gallery/frontend/pages/user/gallery.vue	placed	Vue page; co-locate with the owning surface, preserve subgroup. Profile gallery-posts tab.
packages/frontend/src/pages/user/home.stories.impl.ts	users	packages/features/users/frontend/pages/user/home.stories.impl.ts	placed	Page companion (.ts); co-locate with the owning surface, preserve subgroup. Page companion (.ts story); co-migrates with user profile/home.
packages/frontend/src/pages/user/home.vue	users	packages/features/users/frontend/pages/user/home.vue	placed	Vue page; co-locate with the owning surface, preserve subgroup. Profile/home/account identity and lifecycle surface.
packages/frontend/src/pages/user/index.activity.vue	statistics	packages/features/statistics/frontend/pages/user/index.activity.vue	placed	Vue page; co-locate with the owning surface, preserve subgroup. Profile activity/PV surface is a metrics view but is embedded in user-profile navigation; confirm statistics-vs-users boundary.
packages/frontend/src/pages/user/index.files.vue	notes	packages/features/notes/frontend/pages/user/index.files.vue	placed	Vue page; co-locate with the owning surface, preserve subgroup. Profile tab queries authored notes/reactions/files; notes owns the note-content presentation/query surface.
packages/frontend/src/pages/user/index.timeline.vue	timelines	packages/features/timelines/frontend/pages/user/index.timeline.vue	placed	Vue page; co-locate with the owning surface, preserve subgroup. Profile timeline tab; timelines owns timeline query and UI composition.
packages/frontend/src/pages/user/index.vue	users	packages/features/users/frontend/pages/user/index.vue	placed	Vue page; routes unchanged (/@:acct/:page?). Profile/home/account identity and lifecycle surface.
packages/frontend/src/pages/user/lists.vue	relationships	packages/features/relationships/frontend/pages/user/lists.vue	placed	Vue page; co-locate with the owning surface, preserve subgroup. Profile relationship/list surface; relationships owns follow and user-list state.
packages/frontend/src/pages/user/notes.vue	notes	packages/features/notes/frontend/pages/user/notes.vue	placed	Vue page; co-locate with the owning surface, preserve subgroup. Profile tab queries authored notes/reactions/files; notes owns the note-content presentation/query surface.
packages/frontend/src/pages/user/pages.vue	pages	packages/features/pages/frontend/pages/user/pages.vue	placed	Vue page; co-locate with the owning surface, preserve subgroup. Profile authored-pages tab.
packages/frontend/src/pages/user/raw.vue	users	packages/features/users/frontend/pages/user/raw.vue	placed	Vue page; co-locate with the owning surface, preserve subgroup. Profile/home/account identity and lifecycle surface.
packages/frontend/src/pages/user/reactions.vue	notes	packages/features/notes/frontend/pages/user/reactions.vue	placed	Vue page; co-locate with the owning surface, preserve subgroup. Profile tab queries authored notes/reactions/files; notes owns the note-content presentation/query surface.
packages/frontend/src/pages/user-list-timeline.vue	relationships	packages/features/relationships/frontend/pages/user-list-timeline.vue	placed	Vue page; routes unchanged (/timeline/list/:listId). User-list ownership belongs to relationships but the screen queries a timeline; confirm relationships-to-timelines port boundary.
packages/frontend/src/pages/user-tag.vue	discovery	packages/features/discovery/frontend/pages/user-tag.vue	placed	Vue page; routes unchanged (/user-tags/:tag). Search/explore/hashtag/lookup surface.
packages/frontend/src/pages/verify-email.vue	auth	packages/features/auth/frontend/pages/verify-email.vue	placed	Vue page; routes unchanged (/verify-email/:code). Sign-in, signup, verification, OAuth/MiAuth or password lifecycle.
packages/frontend/src/pages/welcome.entrance.classic.vue	web	packages/features/web/frontend/pages/welcome.entrance.classic.vue	placed	Vue page; co-locate with the owning surface, preserve subgroup. Public welcome/entrance composition; retains existing public route.
packages/frontend/src/pages/welcome.entrance.simple.vue	web	packages/features/web/frontend/pages/welcome.entrance.simple.vue	placed	Vue page; co-locate with the owning surface, preserve subgroup. Public welcome/entrance composition; retains existing public route.
packages/frontend/src/pages/welcome.setup.vue	boot	packages/features/boot/frontend/pages/welcome.setup.vue	placed	Vue page; co-locate with the owning surface, preserve subgroup. First-instance setup wizard/initial admin account creation.
packages/frontend/src/pages/welcome.timeline.note.vue	notes	packages/features/notes/frontend/pages/welcome.timeline.note.vue	placed	Vue page; co-locate with the owning surface, preserve subgroup. Note presentation embedded in the welcome timeline.
packages/frontend/src/pages/welcome.timeline.vue	timelines	packages/features/timelines/frontend/pages/welcome.timeline.vue	placed	Vue page; co-locate with the owning surface, preserve subgroup. Welcome-view timeline composition.
packages/frontend/src/pages/welcome.vue	web	packages/features/web/frontend/pages/welcome.vue	placed	Vue page; routes unchanged (/). Public welcome/entrance composition; retains existing public route.
